Doi,Novelty,Year
10.1371/journal.pone.0000025,14.206510206114904,2006
10.1371/journal.pcbi.0030024,3.5117135973112017,2007
10.1371/journal.pone.0000605,2.4680782841236675,2007
10.1371/journal.pone.0001327,2.149501831947286,2007
10.1371/journal.pone.0002899,7.045348109519441,2008
10.1371/journal.pone.0003304,12.312325861738705,2008
10.1371/journal.pone.0001846,7.773985776636002,2008
10.1371/journal.pone.0002241,2.512490231553542,2008
10.1371/journal.pcbi.1000225,-9.106385359558317,2008
10.1371/journal.pone.0002742,22.95722542659448,2008
10.1371/journal.pone.0003922,7.043402540808092,2008
10.1371/journal.pone.0003168,-7.111173838970018,2008
10.1371/journal.pone.0002440,2.7094964736236267,2008
10.1371/journal.pone.0006797,25.974195162858024,2009
10.1371/journal.pone.0007952,2.285960190547888,2009
10.1371/journal.pone.0004589,35.315974583328654,2009
10.1371/journal.pone.0006335,35.58092281225826,2009
10.1371/journal.pone.0005871,-7.143792808254371,2009
10.1371/journal.pone.0012432,2.662277947887045,2010
10.1371/journal.pone.0009134,25.96599215573312,2010
10.1371/journal.pone.0009141,-6.878800777498742,2010
10.1371/journal.pntd.0000739,-8.703943885630874,2010
10.1371/journal.pone.0012590,36.493001887055705,2010
10.1371/journal.pntd.0000848,-6.950883430013599,2010
10.1371/journal.pone.0009313,2.22560746179226,2010
10.1371/journal.pone.0010329,33.57704525268019,2010
10.1371/journal.pone.0009484,14.810610372675663,2010
10.1371/journal.pone.0008679,2.8503388070822075,2010
10.1371/journal.pone.0010386,16.33155957906235,2010
10.1371/journal.pone.0012102,13.060611032548374,2010
10.1371/journal.pone.0011255,11.199687324018411,2010
10.1371/journal.pone.0012113,14.158549631949986,2010
10.1371/journal.pone.0009601,13.095825224929037,2010
10.1371/journal.pone.0008766,30.228570534276614,2010
10.1371/journal.pone.0011337,66.57194463369822,2010
10.1371/journal.pone.0010530,7.155914752733799,2010
10.1371/journal.pone.0015323,35.93940269326795,2010
10.1371/journal.pone.0010574,3.342056610695902,2010
10.1371/journal.pone.0011450,21.96857985258869,2010
10.1371/journal.pone.0014011,2.139198034912524,2010
10.1371/journal.pone.0009775,10.369850495361868,2010
10.1371/journal.pone.0010659,19.263302606500083,2010
10.1371/journal.pone.0009822,-7.29609453105351,2010
10.1371/journal.pone.0015470,6.266225380131482,2010
10.1371/journal.pmed.1000381,-8.999091069758078,2010
10.1371/journal.pone.0027110,-7.148460442289858,2011
10.1371/journal.pone.0029423,-12.1686298538977,2011
10.1371/journal.pone.0028531,-7.434609157393472,2011
10.1371/journal.pone.0027813,-11.87619816447792,2011
10.1371/journal.pone.0029475,-7.070432849349201,2011
10.1371/journal.pone.0029494,-8.427360826699106,2011
10.1371/journal.pone.0027154,-6.859594326131434,2011
10.1371/journal.pone.0027848,-9.736861232633244,2011
10.1371/journal.pone.0028574,-10.163971486474404,2011
10.1371/journal.pone.0016901,70.0329078134301,2011
10.1371/journal.pone.0027171,-11.203756544855,2011
10.1371/journal.pone.0029577,-7.67766594048237,2011
10.1371/journal.pone.0027875,-8.78754842118993,2011
10.1371/journal.pone.0027196,-7.549745280670502,2011
10.1371/journal.pone.0027203,-6.996417490708796,2011
10.1371/journal.pone.0027892,-6.750391301430639,2011
10.1371/journal.pone.0027894,-6.744550823862491,2011
10.1371/journal.pone.0027213,-8.187219066454121,2011
10.1371/journal.pone.0027915,-8.432958597687438,2011
10.1371/journal.pone.0029801,-7.128616141103502,2011
10.1371/journal.pone.0014660,-7.9867136890482335,2011
10.1371/journal.pone.0027925,-9.11351393364033,2011
10.1371/journal.pone.0028676,-7.777322581281382,2011
10.1371/journal.pone.0027957,-7.326236863559389,2011
10.1371/journal.pone.0016319,-10.552723273946633,2011
10.1371/journal.pone.0028683,-7.358455931010783,2011
10.1371/journal.pone.0028685,-6.771111667693441,2011
10.1371/journal.pone.0027966,-8.96893698789945,2011
10.1371/journal.pntd.0000928,-7.139176474571062,2011
10.1371/journal.pone.0027995,-7.981987297166116,2011
10.1371/journal.pone.0017709,4.068508242371519,2011
10.1371/journal.pone.0028001,-7.023400315102583,2011
10.1371/journal.pone.0028744,-7.74652704592538,2011
10.1371/journal.pone.0028020,-22.71299836019665,2011
10.1371/journal.pone.0027339,-7.219609344811198,2011
10.1371/journal.pone.0028778,-6.718541633435516,2011
10.1371/journal.pone.0027354,-8.364747297102214,2011
10.1371/journal.pone.0027355,-7.358455931010783,2011
10.1371/journal.pone.0028789,-8.409254427273234,2011
10.1371/journal.pone.0027361,-7.197903101617655,2011
10.1371/journal.pntd.0001011,-6.926261352617716,2011
10.1371/journal.pone.0028076,-7.852475817778296,2011
10.1371/journal.pone.0027376,-9.11351393364033,2011
10.1371/journal.pntd.0001030,-6.765558804575733,2011
10.1371/journal.pone.0028823,-7.209951739858217,2011
10.1371/journal.pone.0027407,-7.434590669953102,2011
10.1371/journal.pcbi.1001127,-7.064502723021491,2011
10.1371/journal.pone.0028114,-7.417111664268432,2011
10.1371/journal.pone.0027421,-6.813323354368447,2011
10.1371/journal.pone.0028127,-8.85696021884004,2011
10.1371/journal.pone.0028133,-7.352012117520505,2011
10.1371/journal.pone.0017162,-7.798668316573592,2011
10.1371/journal.pone.0027433,-8.695019170857252,2011
10.1371/journal.pone.0028153,-6.772826877796642,2011
10.1371/journal.pone.0027460,-7.061805214270781,2011
10.1371/journal.pone.0027464,-7.475415578708533,2011
10.1371/journal.pntd.0001193,-7.898593657776248,2011
10.1371/journal.pone.0027465,-9.424194558280831,2011
10.1371/journal.pone.0028172,-6.97427579579536,2011
10.1371/journal.pcbi.1002055,15.731253133335404,2011
10.1371/journal.pone.0027474,-13.920349790526192,2011
10.1371/journal.pone.0028185,-9.014953891045698,2011
10.1371/journal.pone.0027478,-7.358455931010783,2011
10.1371/journal.pone.0028951,-6.972548699167005,2011
10.1371/journal.pone.0028200,-7.902593270070075,2011
10.1371/journal.pone.0028964,-21.624543021321085,2011
10.1371/journal.pone.0016560,-7.221375554239355,2011
10.1371/journal.pone.0028223,-7.859175916536695,2011
10.1371/journal.pone.0027527,-9.557572620115296,2011
10.1371/journal.pone.0027535,-10.658758979713015,2011
10.1371/journal.pone.0029011,-8.355228506776307,2011
10.1371/journal.pone.0028260,-7.047073835980567,2011
10.1371/journal.pone.0015892,14.80118404631752,2011
10.1371/journal.pone.0027572,-10.545784927709525,2011
10.1371/journal.pone.0027580,-9.11351393364033,2011
10.1371/journal.pone.0029063,-7.225823613580204,2011
10.1371/journal.pone.0027592,-10.53344691532646,2011
10.1371/journal.pntd.0001337,-10.07731969944216,2011
10.1371/journal.pone.0029111,-7.061805214270781,2011
10.1371/journal.pone.0027621,-6.838226920518223,2011
10.1371/journal.pone.0028344,-7.061805214270781,2011
10.1371/journal.pone.0029140,-7.6264672910170574,2011
10.1371/journal.pone.0027638,-8.777971021268382,2011
10.1371/journal.pone.0028359,-7.481477338649883,2011
10.1371/journal.pone.0028365,-8.168048421661725,2011
10.1371/journal.pone.0026973,-7.381247551781906,2011
10.1371/journal.pone.0028379,-7.354454241076636,2011
10.1371/journal.pone.0028380,-6.771111667693441,2011
10.1371/journal.pone.0029191,-7.3837345593020896,2011
10.1371/journal.pntd.0001410,-7.655019423353387,2011
10.1371/journal.pone.0029209,-7.215940848419589,2011
10.1371/journal.pone.0028408,-8.409254427273234,2011
10.1371/journal.pntd.0001420,-8.01841911577588,2011
10.1371/journal.pone.0029222,-16.40150614258545,2011
10.1371/journal.pone.0027020,-7.811634476006594,2011
10.1371/journal.pntd.0001429,-6.987970063027515,2011
10.1371/journal.pone.0027030,-7.787233343104225,2011
10.1371/journal.pone.0028431,-7.11850157121018,2011
10.1371/journal.pone.0016760,-7.667797015874872,2011
10.1371/journal.pone.0027051,-11.974570855083735,2011
10.1371/journal.pone.0027730,-6.838226920518223,2011
10.1371/journal.pone.0029296,-8.947213620951908,2011
10.1371/journal.pone.0027743,-7.524149941657174,2011
10.1371/journal.pone.0029309,-9.44191284643935,2011
10.1371/journal.pone.0027744,-15.00764396083125,2011
10.1371/journal.pone.0027070,-14.896647379028003,2011
10.1371/journal.pone.0027746,-8.695019170857252,2011
10.1371/journal.pone.0027073,-7.483223534517381,2011
10.1371/journal.pone.0027750,-14.01290241092878,2011
10.1371/journal.pone.0027075,-6.771111667693441,2011
10.1371/journal.pone.0016804,1.8957057035854816,2011
10.1371/journal.pone.0028485,-7.197903101617655,2011
10.1371/journal.pone.0029337,-8.774309694329938,2011
10.1371/journal.pone.0017481,-19.13976057951632,2011
10.1371/journal.pone.0027089,-7.453657380659754,2011
10.1371/journal.pone.0027767,-10.858766591625685,2011
10.1371/journal.pone.0029363,-7.060528095738342,2011
10.1371/journal.pone.0029364,-7.596753078025866,2011
10.1371/journal.pone.0028501,-7.525352759178574,2011
10.1371/journal.pone.0028503,-6.881087446498765,2011
10.1371/journal.pone.0032924,-9.143695095079195,2012
10.1371/journal.pone.0040589,-8.444068986543598,2012
10.1371/journal.pone.0032928,-8.711169856254525,2012
10.1371/journal.pone.0038042,-8.10030944353997,2012
10.1371/journal.pone.0045720,4.318760018168328,2012
10.1371/journal.pone.0030401,-9.201506951211831,2012
10.1371/journal.pone.0038061,-7.107087839907125,2012
10.1371/journal.pone.0035510,-7.985431941208392,2012
10.1371/journal.pone.0048298,157.3453162729977,2012
10.1371/journal.pone.0030423,-6.948965598739792,2012
10.1371/journal.pone.0035532,-10.265015986342531,2012
10.1371/journal.pone.0030427,-8.711169856254525,2012
10.1371/journal.pone.0040645,-6.801025849936805,2012
10.1371/journal.pone.0035540,-9.154531993788476,2012
10.1371/journal.pone.0032989,-7.241400719394266,2012
10.1371/journal.pone.0038103,-8.15103386692329,2012
10.1371/journal.pone.0048342,-7.067288045730005,2012
10.1371/journal.pone.0035567,-8.426202522770112,2012
10.1371/journal.pone.0048352,-6.866695859730219,2012
10.1371/journal.pone.0030462,-7.241400719394266,2012
10.1371/journal.pone.0040690,-9.349331102800129,2012
10.1371/journal.pone.0040692,-7.333301330013134,2012
10.1371/journal.pone.0033031,-10.491518878397455,2012
10.1371/journal.pone.0040694,-7.985431941208393,2012
10.1371/journal.pone.0038139,-6.864629128656893,2012
10.1371/journal.pone.0048380,-8.481843849708993,2012
10.1371/journal.pone.0035596,-8.555693991368575,2012
10.1371/journal.pone.0038156,-8.329257837873207,2012
10.1371/journal.pone.0030503,-7.107087839907125,2012
10.1371/journal.pone.0033071,-7.004402874309137,2012
10.1371/journal.pone.0051049,5.815995001708349,2012
10.1371/journal.pone.0030523,-7.715631759702341,2012
10.1371/journal.pone.0030531,-38.5591230532657,2012
10.1371/journal.pone.0038193,-8.103444422688954,2012
10.1371/journal.pone.0033093,-8.840792111995746,2012
10.1371/journal.pone.0035655,-7.107087839907125,2012
10.1371/journal.pone.0035659,-13.007415814058891,2012
10.1371/journal.pone.0033108,-7.929214848821947,2012
10.1371/journal.pone.0038214,-7.21337555415257,2012
10.1371/journal.pone.0033121,-8.547158742081212,2012
10.1371/journal.pone.0040792,-7.43441687903245,2012
10.1371/journal.pone.0051107,-13.575855201231644,2012
10.1371/journal.pone.0033140,-11.765112582819654,2012
10.1371/journal.pone.0033142,-15.91438020959563,2012
10.1371/journal.pone.0043356,-6.846754295666191,2012
10.1371/journal.pone.0033147,-7.0172924255780655,2012
10.1371/journal.pone.0038257,-7.1393479401060125,2012
10.1371/journal.pone.0045920,2.4497041925385648,2012
10.1371/journal.pone.0030603,-7.090271459655247,2012
10.1371/journal.pone.0038264,-7.657219137918699,2012
10.1371/journal.pone.0030608,-7.873103323919373,2012
10.1371/journal.pone.0033163,-7.440406976855186,2012
10.1371/journal.pone.0035716,-7.187730086187939,2012
10.1371/journal.pone.0030616,-9.079089083429992,2012
10.1371/journal.pone.0038280,-7.764956657782389,2012
10.1371/journal.pone.0038284,-8.017837257372731,2012
10.1371/journal.pone.0033194,-8.212774654714917,2012
10.1371/journal.pone.0033195,-7.187730086187939,2012
10.1371/journal.pone.0033196,-7.127407851174564,2012
10.1371/journal.pone.0033197,-8.458186666313054,2012
10.1371/journal.pone.0035749,-13.229505044818628,2012
10.1371/journal.pone.0030644,-8.559942742310037,2012
10.1371/journal.pone.0033204,-7.669024648874443,2012
10.1371/journal.pone.0030658,-8.337146343522948,2012
10.1371/journal.pone.0038323,-8.984450939530044,2012
10.1371/journal.pone.0030675,-11.264055939228546,2012
10.1371/journal.pone.0038338,-9.683681918874756,2012
10.1371/journal.pone.0035784,-8.29035609801585,2012
10.1371/journal.pone.0033233,-6.808924274268324,2012
10.1371/journal.pone.0033243,-8.270691634738494,2012
10.1371/journal.pone.0030692,-7.816333364473012,2012
10.1371/journal.pone.0033261,-8.223500274625104,2012
10.1371/journal.pone.0033262,-8.6865002981667,2012
10.1371/journal.pone.0040928,-7.410220129958249,2012
10.1371/journal.pone.0040933,-10.213136866688956,2012
10.1371/journal.pone.0043484,2.335690554189585,2012
10.1371/journal.pone.0030722,-7.926267087989205,2012
10.1371/journal.pone.0040943,-6.775080378096571,2012
10.1371/journal.pone.0035832,-8.812013601351692,2012
10.1371/journal.pone.0033279,-7.115421113463648,2012
10.1371/journal.pone.0035834,-7.410220129958248,2012
10.1371/journal.pone.0035838,-6.901326308844617,2012
10.1371/journal.pone.0035843,-6.739910532070903,2012
10.1371/journal.pone.0030744,-7.581438210641405,2012
10.1371/journal.pone.0030748,-8.130688655642599,2012
10.1371/journal.pone.0030753,-7.105336052478916,2012
10.1371/journal.pone.0033312,-7.981350246265231,2012
10.1371/journal.pone.0035866,-9.143695095079195,2012
10.1371/journal.pone.0040977,-6.7595635661441245,2012
10.1371/journal.pone.0033315,-7.305846069526704,2012
10.1371/journal.pone.0038428,-7.77274894261029,2012
10.1371/journal.pone.0046089,5.502291705853724,2012
10.1371/journal.pone.0030770,-8.5665715305375,2012
10.1371/journal.pone.0030771,-6.820793726564615,2012
10.1371/journal.pone.0030773,-7.361355704896946,2012
10.1371/journal.pone.0035884,-9.201506951211831,2012
10.1371/journal.pone.0038448,-7.305846069526704,2012
10.1371/journal.pone.0030794,-8.984450939530044,2012
10.1371/journal.pone.0033349,-7.410220129958249,2012
10.1371/journal.pone.0041021,-10.142562201175974,2012
10.1371/journal.pone.0043573,164.42266483854053,2012
10.1371/journal.pone.0046131,-11.461559754752612,2012
10.1371/journal.pone.0041032,-7.638920960289459,2012
10.1371/journal.pone.0035921,-9.735274909202914,2012
10.1371/journal.pone.0030831,-7.308915544126959,2012
10.1371/journal.pone.0033385,-7.658286965384937,2012
10.1371/journal.pone.0030836,-7.107087839907125,2012
10.1371/journal.pone.0041054,-7.305846069526704,2012
10.1371/journal.pone.0038500,-7.410220129958248,2012
10.1371/journal.pone.0030849,-7.260161338711311,2012
10.1371/journal.pone.0030851,-7.5440320359391695,2012
10.1371/journal.pone.0035957,-7.152260066124313,2012
10.1371/journal.pone.0041071,-10.141446953046064,2012
10.1371/journal.pone.0035966,-7.410220129958249,2012
10.1371/journal.pone.0038531,-6.970795222809589,2012
10.1371/journal.pone.0038541,-9.488267987771025,2012
10.1371/journal.pone.0046201,-7.973965560521224,2012
10.1371/journal.pone.0046202,-9.612637113489756,2012
10.1371/journal.pone.0048778,-11.605351010458367,2012
10.1371/journal.pone.0033446,-7.097931070159481,2012
10.1371/journal.pone.0033449,-6.959436075649298,2012
10.1371/journal.pone.0036006,-8.558349988522048,2012
10.1371/journal.pone.0030901,-7.471260213491348,2012
10.1371/journal.pone.0038562,-8.711169856254525,2012
10.1371/journal.pone.0036009,-7.985431941208393,2012
10.1371/journal.pone.0051457,4.667954381407284,2012
10.1371/journal.pone.0036013,-8.984450939530044,2012
10.1371/journal.pone.0030917,-6.762058299710192,2012
10.1371/journal.pone.0030918,-7.003084787740077,2012
10.1371/journal.pone.0033470,-7.503839715027738,2012
10.1371/journal.pone.0030933,-8.984450939530044,2012
10.1371/journal.pone.0036040,-8.480109393481786,2012
10.1371/journal.pone.0038600,-10.516204219256222,2012
10.1371/journal.pone.0036046,-7.410220129958249,2012
10.1371/journal.pone.0041170,-9.413999815651556,2012
10.1371/journal.pone.0041175,-7.471260213491348,2012
10.1371/journal.pone.0041182,-9.19806772850664,2012
10.1371/journal.pone.0038640,-7.180143409513183,2012
10.1371/journal.pone.0041201,-7.516661015060511,2012
10.1371/journal.pcbi.1002756,-6.976609262846903,2012
10.1371/journal.pone.0036093,-7.744758739975171,2012
10.1371/journal.pone.0030991,13.335897189396514,2012
10.1371/journal.pone.0033542,-6.864629128656893,2012
10.1371/journal.pone.0033544,-7.440406976855186,2012
10.1371/journal.pone.0051553,-6.752641878317139,2012
10.1371/journal.pone.0038657,-10.524773317740024,2012
10.1371/journal.pone.0048888,-7.578348026765559,2012
10.1371/journal.pone.0036103,-8.754129103987994,2012
10.1371/journal.pone.0043765,70.62171097517664,2012
10.1371/journal.pone.0038665,-8.255678521001027,2012
10.1371/journal.pone.0038670,-11.797646400554212,2012
10.1371/journal.pone.0033562,-7.3689320075156814,2012
10.1371/journal.pone.0033565,-9.136862953260762,2012
10.1371/journal.pone.0041231,-8.024429695278888,2012
10.1371/journal.pone.0041253,-7.916485340285545,2012
10.1371/journal.pone.0041255,-9.672372601947767,2012
10.1371/journal.pone.0036146,-8.984450939530044,2012
10.1371/journal.pone.0051614,19.79958108579601,2012
10.1371/journal.pone.0036151,-10.444660884874718,2012
10.1371/journal.pone.0036162,-8.733804625659783,2012
10.1371/journal.pone.0041277,-8.480109393481786,2012
10.1371/journal.pone.0038724,-7.74173798819192,2012
10.1371/journal.pone.0033615,-11.695837722190165,2012
10.1371/journal.pone.0038730,-8.774984632287648,2012
10.1371/journal.pone.0041285,-7.6789842732480915,2012
10.1371/journal.pone.0033624,-7.205456636483362,2012
10.1371/journal.pone.0033627,-12.154974944551226,2012
10.1371/journal.pone.0033628,-7.015061973113563,2012
10.1371/journal.pone.0031085,-6.97324771906561,2012
10.1371/journal.pone.0041304,-7.503839715027738,2012
10.1371/journal.pone.0038751,-6.944769212621586,2012
10.1371/journal.pone.0033644,-7.32077523217316,2012
10.1371/journal.pone.0033650,-7.613508865259126,2012
10.1371/journal.pone.0038766,-7.833620251094308,2012
10.1371/journal.pone.0036212,-10.524773317740024,2012
10.1371/journal.pone.0031111,-9.951726443563802,2012
10.1371/journal.pone.0038770,-8.387412571589389,2012
10.1371/journal.pone.0041325,-6.818544539043518,2012
10.1371/journal.pone.0049005,-8.96061691540935,2012
10.1371/journal.pone.0036216,-7.956270130527709,2012
10.1371/journal.pone.0038776,-8.09833137367741,2012
10.1371/journal.pone.0041331,-7.115440733973283,2012
10.1371/journal.pone.0031122,-8.984450939530044,2012
10.1371/journal.pone.0038781,-7.664674264703973,2012
10.1371/journal.pone.0036229,-9.136862953260762,2012
10.1371/journal.pone.0041342,-9.326724217381951,2012
10.1371/journal.pone.0046448,11.673994173371652,2012
10.1371/journal.pone.0046449,-6.903235380736903,2012
10.1371/journal.pone.0038807,-25.36926555473332,2012
10.1371/journal.pone.0038808,-7.287374187650296,2012
10.1371/journal.pone.0041366,-8.10030944353997,2012
10.1371/journal.pone.0038813,-9.488267987771025,2012
10.1371/journal.pone.0036256,-11.049458999149834,2012
10.1371/journal.pone.0049054,5.378150065115602,2012
10.1371/journal.pone.0041377,-10.213136866688956,2012
10.1371/journal.pone.0041383,-8.723114735377658,2012
10.1371/journal.pone.0038834,-6.998789241537256,2012
10.1371/journal.pone.0036283,-7.410220129958248,2012
10.1371/journal.pone.0036287,-11.049458999149834,2012
10.1371/journal.pone.0043950,-10.6874040678152,2012
10.1371/journal.pone.0031193,-9.161186785384,2012
10.1371/journal.pmed.1001272,-7.4206955173426685,2012
10.1371/journal.pone.0031196,-9.55814098655148,2012
10.1371/journal.pone.0051793,-8.262102419608501,2012
10.1371/journal.pone.0041427,-8.995083925824792,2012
10.1371/journal.pone.0036323,-9.55814098655148,2012
10.1371/journal.pone.0038885,-7.647904556769204,2012
10.1371/journal.pone.0033778,-9.413999815651556,2012
10.1371/journal.pone.0031236,-6.948965598739792,2012
10.1371/journal.pone.0046557,6.85859480227222,2012
10.1371/journal.pone.0033792,-7.194751106274955,2012
10.1371/journal.pone.0038910,-6.915985554199106,2012
10.1371/journal.pone.0033802,-7.124702115053665,2012
10.1371/journal.pone.0041469,-6.989968148619232,2012
10.1371/journal.pone.0033805,-7.43441687903245,2012
10.1371/journal.pone.0033808,-10.255591169380232,2012
10.1371/journal.pone.0041476,-7.864428056383801,2012
10.1371/journal.pone.0044026,26.37445641588977,2012
10.1371/journal.pone.0046587,3.6008578851911857,2012
10.1371/journal.pone.0036373,-8.465962601543712,2012
10.1371/journal.pone.0038934,-8.663419126809677,2012
10.1371/journal.pone.0038946,-7.11389321226528,2012
10.1371/journal.pone.0031287,-8.984450939530044,2012
10.1371/journal.pntd.0001443,-7.215936570270019,2012
10.1371/journal.pone.0041504,-8.472058109461251,2012
10.1371/journal.pone.0036393,-7.090271459655248,2012
10.1371/journal.pntd.0001446,-7.022751298665415,2012
10.1371/journal.pone.0031293,-8.480750571377598,2012
10.1371/journal.pone.0033846,-9.143695095079195,2012
10.1371/journal.pone.0031299,-9.143695095079195,2012
10.1371/journal.pone.0033848,-8.108185993715693,2012
10.1371/journal.pone.0044067,156.1819725059032,2012
10.1371/journal.pone.0033855,-7.241400719394266,2012
10.1371/journal.pone.0038976,-9.545454545454543,2012
10.1371/journal.pone.0033861,-7.396797595993252,2012
10.1371/journal.pone.0033864,-11.094700670001748,2012
10.1371/journal.pone.0046640,-7.6213879273189375,2012
10.1371/journal.pntd.0001492,-7.410220129958248,2012
10.1371/journal.pone.0041547,-6.89745419735003,2012
10.1371/journal.pone.0031335,-8.84610465166633,2012
10.1371/journal.pone.0049251,135.19306941227498,2012
10.1371/journal.pone.0031351,-9.488267987771025,2012
10.1371/journal.pone.0031355,-7.1940955295012925,2012
10.1371/journal.pone.0036461,-7.983326719966255,2012
10.1371/journal.pone.0036464,-9.842476801377892,2012
10.1371/journal.pone.0041576,-7.051144748901055,2012
10.1371/journal.pone.0036485,-6.727314568100252,2012
10.1371/journal.pone.0031383,-7.633776321089465,2012
10.1371/journal.pone.0031384,-7.535940088210657,2012
10.1371/journal.pone.0039049,-10.832695645079204,2012
10.1371/journal.pone.0036488,-8.451691580634114,2012
10.1371/journal.pone.0033935,-7.127407851174564,2012
10.1371/journal.pone.0041610,-7.241400719394266,2012
10.1371/journal.pone.0041611,-7.764956657782388,2012
10.1371/journal.pntd.0001563,-7.022751298665415,2012
10.1371/journal.pntd.0001570,-7.410220129958249,2012
10.1371/journal.pone.0041629,-6.995056327736078,2012
10.1371/journal.pone.0033971,-7.670025842489198,2012
10.1371/journal.pone.0033973,-11.049458999149834,2012
10.1371/journal.pone.0033986,-6.82516236051399,2012
10.1371/journal.pone.0033987,-7.863773666438359,2012
10.1371/journal.pone.0041659,-8.552483525290265,2012
10.1371/journal.pone.0031447,4.183333333333333,2012
10.1371/journal.pone.0033997,-6.966799035480198,2012
10.1371/journal.pone.0033999,-8.168215473657135,2012
10.1371/journal.pone.0031457,-10.110693222565969,2012
10.1371/journal.pone.0031459,-7.003084787740077,2012
10.1371/journal.pone.0034007,-7.657219137918699,2012
10.1371/journal.pone.0041678,-7.843707164537291,2012
10.1371/journal.pone.0039126,-7.127407851174564,2012
10.1371/journal.pntd.0001627,-7.026905444960898,2012
10.1371/journal.pone.0039132,-7.864428056383801,2012
10.1371/journal.pone.0046789,33.46003431453894,2012
10.1371/journal.pone.0031482,-7.833620251094308,2012
10.1371/journal.pone.0034028,-9.201506951211831,2012
10.1371/journal.pone.0036583,-7.915789524389252,2012
10.1371/journal.pone.0034031,-8.663369763579773,2012
10.1371/journal.pone.0039151,-7.583007908012251,2012
10.1371/journal.pone.0031492,-7.715631759702342,2012
10.1371/journal.pone.0046812,235.34616042453035,2012
10.1371/journal.pone.0039160,-8.967908699272972,2012
10.1371/journal.pone.0039167,-7.622891831090591,2012
10.1371/journal.pone.0031506,-7.410220129958248,2012
10.1371/journal.pone.0034052,-7.004402874309138,2012
10.1371/journal.pone.0036610,-7.938765117188523,2012
10.1371/journal.pone.0031515,-8.93430157338211,2012
10.1371/journal.pone.0036616,-8.20194372203119,2012
10.1371/journal.pone.0034064,-6.965102321757437,2012
10.1371/journal.pone.0034067,-8.074281894797162,2012
10.1371/journal.pone.0039186,-6.920022182778019,2012
10.1371/journal.pone.0039191,-7.004402874309138,2012
10.1371/journal.pone.0049435,-9.347470080761276,2012
10.1371/journal.pone.0031536,-7.13315848858378,2012
10.1371/journal.pone.0052180,67.67808624426152,2012
10.1371/journal.pone.0034086,-7.904738961420258,2012
10.1371/journal.pone.0031541,-7.833620251094308,2012
10.1371/journal.pone.0039209,-7.43441687903245,2012
10.1371/journal.pone.0041770,-8.984450939530044,2012
10.1371/journal.pone.0039216,-6.977787124022035,2012
10.1371/journal.pntd.0001717,-7.410220129958249,2012
10.1371/journal.pone.0052208,-6.894141352925562,2012
10.1371/journal.pone.0036664,-8.282322220461202,2012
10.1371/journal.pone.0041780,-8.024429695278888,2012
10.1371/journal.pone.0046885,50.80617340349492,2012
10.1371/journal.pone.0036669,-7.440406976855186,2012
10.1371/journal.pone.0044332,46.59649877179621,2012
10.1371/journal.pntd.0001729,-7.051652438715129,2012
10.1371/journal.pone.0036670,-7.28962073535195,2012
10.1371/journal.pntd.0001731,-7.410220129958249,2012
10.1371/journal.pone.0031573,-7.664674264703973,2012
10.1371/journal.pone.0039233,-7.508454806816113,2012
10.1371/journal.pone.0034118,-7.434253550625857,2012
10.1371/journal.pone.0031576,-7.381788613364547,2012
10.1371/journal.pntd.0001741,-7.496340570653091,2012
10.1371/journal.pone.0031587,-7.648718957715758,2012
10.1371/journal.pone.0031592,-7.517079454617912,2012
10.1371/journal.pone.0036694,-9.136862953260762,2012
10.1371/journal.pone.0041813,-6.993298753701553,2012
10.1371/journal.pone.0034150,-6.877537144222944,2012
10.1371/journal.pone.0031611,-7.6192237641601,2012
10.1371/journal.pone.0031613,-9.201506951211831,2012
10.1371/journal.pone.0034158,-10.524773317740024,2012
10.1371/journal.pone.0036718,-7.4206955173426685,2012
10.1371/journal.pone.0041843,-7.194751106274956,2012
10.1371/journal.pone.0031628,-7.932086828201966,2012
10.1371/journal.pone.0039291,-10.213136866688956,2012
10.1371/journal.pone.0034176,-7.410220129958249,2012
10.1371/journal.pone.0039298,-8.984450939530044,2012
10.1371/journal.pone.0041853,-8.508955561864234,2012
10.1371/journal.pone.0036740,-8.984450939530044,2012
10.1371/journal.pone.0034185,-10.06917158478597,2012
10.1371/journal.pone.0041868,-7.503839715027738,2012
10.1371/journal.pone.0034198,-7.783529502797026,2012
10.1371/journal.pone.0046974,6.97983121538148,2012
10.1371/journal.pntd.0001824,-7.022751298665415,2012
10.1371/journal.pone.0034206,-7.525121326622726,2012
10.1371/journal.pone.0036766,-8.40651626237145,2012
10.1371/journal.pone.0041884,-6.765092702575243,2012
10.1371/journal.pntd.0001833,-7.234740892991406,2012
10.1371/journal.pone.0031677,-7.985431941208392,2012
10.1371/journal.pone.0041903,-8.435458151722361,2012
10.1371/journal.pone.0052357,33.43262334366601,2012
10.1371/journal.pone.0031685,-8.558349988522048,2012
10.1371/journal.pntd.0001853,-8.221975675157355,2012
10.1371/journal.pone.0031688,-9.143695095079195,2012
10.1371/journal.pone.0049602,2.7415575313037817,2012
10.1371/journal.pone.0041921,-8.207836804782163,2012
10.1371/journal.pone.0034247,-8.558349988522048,2012
10.1371/journal.pone.0039371,-7.187730086187939,2012
10.1371/journal.pone.0034255,-10.334207950479948,2012
10.1371/journal.pone.0031718,-7.978725252646802,2012
10.1371/journal.pone.0041949,-8.995083925824792,2012
10.1371/journal.pone.0041952,-9.143695095079195,2012
10.1371/journal.pntd.0001898,-8.279204717827877,2012
10.1371/journal.pone.0041957,-8.15103386692329,2012
10.1371/journal.pone.0034282,6.999999999999998,2012
10.1371/journal.pntd.0001907,-10.457611344153865,2012
10.1371/journal.pone.0031741,-7.19064600631422,2012
10.1371/journal.pone.0034286,-7.004402874309138,2012
10.1371/journal.pone.0041970,-6.957162683438954,2012
10.1371/journal.pone.0049665,11.222271941198423,2012
10.1371/journal.pone.0031752,-7.410220129958249,2012
10.1371/journal.pntd.0001925,-7.410220129958248,2012
10.1371/journal.pone.0044524,-6.859442474980546,2012
10.1371/journal.pone.0041981,-8.732343861854217,2012
10.1371/journal.pone.0036866,-7.985431941208393,2012
10.1371/journal.pone.0036869,-7.657219137918699,2012
10.1371/journal.pntd.0001942,-7.433751255891615,2012
10.1371/journal.pone.0047095,-9.41388290118398,2012
10.1371/journal.pone.0034322,-7.115421113463648,2012
10.1371/journal.pone.0036881,-6.97693731829885,2012
10.1371/journal.pone.0036882,-7.833620251094308,2012
10.1371/journal.pone.0034326,-10.444660884874718,2012
10.1371/journal.pone.0031783,-8.515078829695907,2012
10.1371/journal.pone.0039448,-7.285049757041986,2012
10.1371/journal.pone.0042010,-10.53158255249896,2012
10.1371/journal.pone.0042011,-6.762468728386984,2012
10.1371/journal.pntd.0001987,-6.889340898093346,2012
10.1371/journal.pone.0031799,-7.03123531123939,2012
10.1371/journal.pone.0031803,-9.997150483785008,2012
10.1371/journal.pone.0034349,-7.616224418611343,2012
10.1371/journal.pone.0042026,-7.579445213077344,2012
10.1371/journal.pone.0034355,-9.16865391875628,2012
10.1371/journal.pone.0047130,26.34214716027768,2012
10.1371/journal.pone.0042030,-10.524773317740024,2012
10.1371/journal.pone.0031813,-10.06084774146768,2012
10.1371/journal.pone.0042035,-8.984450939530044,2012
10.1371/journal.pone.0039483,-7.612619735298978,2012
10.1371/journal.pone.0036922,-7.962563782109626,2012
10.1371/journal.pone.0042041,-7.657219137918699,2012
10.1371/journal.pone.0031825,-7.704733373960363,2012
10.1371/journal.pone.0028121,-8.10030944353997,2012
10.1371/journal.pone.0031833,-7.301089822512871,2012
10.1371/journal.pone.0042056,-11.049458999149834,2012
10.1371/journal.pone.0028305,-9.84012458921448,2012
10.1371/journal.pone.0036944,-11.343833542603686,2012
10.1371/journal.pone.0036953,-10.96586232550821,2012
10.1371/journal.pone.0034397,-7.373786341238324,2012
10.1371/journal.pone.0034403,-8.10030944353997,2012
10.1371/journal.pone.0031861,-8.349973509144416,2012
10.1371/journal.pone.0036969,-7.400564210766398,2012
10.1371/journal.pone.0042086,-8.558349988522048,2012
10.1371/journal.pone.0042088,-7.864428056383801,2012
10.1371/journal.pone.0039539,-7.496043005678489,2012
10.1371/journal.pone.0034422,-7.241400719394266,2012
10.1371/journal.pone.0047198,5.266095085189131,2012
10.1371/journal.pone.0034426,-7.241400719394266,2012
10.1371/journal.pone.0036984,-8.40452319916611,2012
10.1371/journal.pone.0042100,-7.768727883177145,2012
10.1371/journal.pone.0039551,-7.833620251094308,2012
10.1371/journal.pone.0034443,-8.203859205774414,2012
10.1371/journal.pone.0039564,-6.836555232291772,2012
10.1371/journal.pone.0049829,-8.601495242847752,2012
10.1371/journal.pone.0052647,33.06006966026744,2012
10.1371/journal.pone.0037009,-7.630647693677178,2012
10.1371/journal.pone.0037013,-6.765477209573461,2012
10.1371/journal.pone.0039576,-7.027535407604901,2012
10.1371/journal.pone.0042129,-8.064670940226138,2012
10.1371/journal.pone.0034458,-7.004402874309138,2012
10.1371/journal.pone.0034459,-7.657219137918699,2012
10.1371/journal.pone.0039581,-8.65080386910561,2012
10.1371/journal.pone.0052664,137.1925878237606,2012
10.1371/journal.pone.0034470,-7.194751106274956,2012
10.1371/journal.pone.0029021,-8.984450939530044,2012
10.1371/journal.pone.0042149,-18.67787242994126,2012
10.1371/journal.pone.0037036,-8.69224702116878,2012
10.1371/journal.pone.0049866,7.317007544625047,2012
10.1371/journal.pone.0052693,-8.613667208360832,2012
10.1371/journal.pone.0039610,-9.487556324895218,2012
10.1371/journal.pone.0034493,-13.867866379464733,2012
10.1371/journal.pone.0029103,-8.325190403397997,2012
10.1371/journal.pone.0031959,-8.739098478784522,2012
10.1371/journal.pone.0031962,-10.444660884874718,2012
10.1371/journal.pone.0037063,-7.503839715027738,2012
10.1371/journal.pone.0031970,-8.155144692445676,2012
10.1371/journal.pone.0031972,-9.201506951211831,2012
10.1371/journal.pone.0029157,-6.732088305071947,2012
10.1371/journal.pone.0037076,-7.717121969151565,2012
10.1371/journal.pone.0042193,-10.524773317740024,2012
10.1371/journal.pone.0039649,-7.519607170770513,2012
10.1371/journal.pone.0031984,-10.561043415382064,2012
10.1371/journal.pone.0049916,10.852946869174408,2012
10.1371/journal.pone.0029213,-9.116682917025102,2012
10.1371/journal.pone.0037096,-8.37440503158741,2012
10.1371/journal.pone.0039663,-6.727761746067264,2012
10.1371/journal.pone.0037105,-9.741496434828989,2012
10.1371/journal.pone.0042224,-7.317117931836227,2012
10.1371/journal.pone.0032011,-7.3689320075156814,2012
10.1371/journal.pone.0034555,-7.435648021131238,2012
10.1371/journal.pone.0034561,-7.949422389700224,2012
10.1371/journal.pone.0034564,-7.657219137918699,2012
10.1371/journal.pone.0034567,-6.790200635188787,2012
10.1371/journal.pone.0037128,-9.545454545454543,2012
10.1371/journal.pone.0037134,-7.004402874309138,2012
10.1371/journal.pone.0037137,-8.984450939530044,2012
10.1371/journal.pone.0037142,-7.624303606747214,2012
10.1371/journal.pone.0029345,-6.948965598739792,2012
10.1371/journal.pone.0034590,-9.008736241479568,2012
10.1371/journal.pone.0029350,-7.503839715027738,2012
10.1371/journal.pone.0042269,-14.152887721604587,2012
10.1371/journal.pone.0029372,-7.173650483628348,2012
10.1371/journal.pone.0032060,-8.530238635886256,2012
10.1371/journal.pone.0039732,-8.612555992162882,2012
10.1371/journal.pone.0032066,-9.842476801377892,2012
10.1371/journal.pone.0032069,-8.10030944353997,2012
10.1371/journal.pone.0034615,-8.558349988522048,2012
10.1371/journal.pone.0032076,-7.519607170770513,2012
10.1371/journal.pone.0029409,-9.456610884557591,2012
10.1371/journal.pone.0029419,-11.06108144236489,2012
10.1371/journal.pone.0039752,-16.210198285782173,2012
10.1371/journal.pone.0042301,-15.4951595729964,2012
10.1371/journal.pone.0034630,-7.146170840273527,2012
10.1371/journal.pone.0029424,-7.625894558357848,2012
10.1371/journal.pone.0029429,-8.558349988522048,2012
10.1371/journal.pone.0037197,-7.761167726734971,2012
10.1371/journal.pone.0029438,-7.9208331154885,2012
10.1371/journal.pone.0044863,31.45145651863681,2012
10.1371/journal.pone.0037209,-7.241400719394266,2012
10.1371/journal.pone.0034654,-9.842476801377892,2012
10.1371/journal.pone.0029472,-8.21788384013812,2012
10.1371/journal.pone.0037226,-7.985431941208392,2012
10.1371/journal.pone.0032126,-7.241400719394266,2012
10.1371/journal.pone.0050064,117.8272098948867,2012
10.1371/journal.pone.0032138,-8.984450939530044,2012
10.1371/journal.pone.0034689,-9.741496434828989,2012
10.1371/journal.pone.0032150,-7.340588749320899,2012
10.1371/journal.pone.0034693,-9.177654437535825,2012
10.1371/journal.pone.0034698,-8.039042087716403,2012
10.1371/journal.pone.0032157,-8.719830426946515,2012
10.1371/journal.pone.0037268,-12.598239552033707,2012
10.1371/journal.pone.0032180,-10.060362868989014,2012
10.1371/journal.pone.0032183,-8.62029332482988,2012
10.1371/journal.pone.0029596,-7.115421113463649,2012
10.1371/journal.pone.0029607,-7.503839715027738,2012
10.1371/journal.pone.0032201,-10.524773317740024,2012
10.1371/journal.pone.0029617,-7.657219137918699,2012
10.1371/journal.pone.0034745,-8.995083925824792,2012
10.1371/journal.pone.0037311,-7.770736825864904,2012
10.1371/journal.pone.0029632,-7.657219137918699,2012
10.1371/journal.pone.0039888,-9.488267987771025,2012
10.1371/journal.pone.0029654,-7.921860453600099,2012
10.1371/journal.pone.0029664,-8.984450939530044,2012
10.1371/journal.pone.0039904,-11.269878285971764,2012
10.1371/journal.pone.0034788,-7.107087839907125,2012
10.1371/journal.pone.0039912,-8.984450939530044,2012
10.1371/journal.pone.0039914,-8.349973509144416,2012
10.1371/journal.pone.0029686,-7.985431941208392,2012
10.1371/journal.pone.0034804,-7.508328115068593,2012
10.1371/journal.pone.0029695,-7.133284401847428,2012
10.1371/journal.pone.0045032,-7.169403087149579,2012
10.1371/journal.pone.0032274,-7.359137705522846,2012
10.1371/journal.pone.0053502,11.115904267902302,2012
10.1371/journal.pone.0039946,-7.7323264586655025,2012
10.1371/journal.pone.0034835,-11.526307107456995,2012
10.1371/journal.pone.0039956,-7.241400719394266,2012
10.1371/journal.pone.0029743,-8.984450939530044,2012
10.1371/journal.ppat.1002417,-8.518389685128946,2012
10.1371/journal.pone.0034852,-7.410220129958248,2012
10.1371/journal.pone.0029756,-7.146709413847114,2012
10.1371/journal.pone.0034857,-13.908082480569597,2012
10.1371/journal.pone.0032318,-6.727761746067264,2012
10.1371/journal.pone.0037418,-6.948965598739792,2012
10.1371/journal.pone.0032320,-6.801025849936805,2012
10.1371/journal.pone.0037429,-10.200346009386374,2012
10.1371/journal.pone.0039989,-6.9675084355922206,2012
10.1371/journal.pone.0032332,-6.82516236051399,2012
10.1371/journal.pone.0039994,-7.090271459655248,2012
10.1371/journal.pone.0037439,-6.731536886192797,2012
10.1371/journal.pone.0042560,157.3760717318112,2012
10.1371/journal.pone.0032353,-11.049458999149834,2012
10.1371/journal.pone.0040016,-11.058305659494248,2012
10.1371/journal.pone.0037461,-8.984450939530044,2012
10.1371/journal.pone.0037472,-8.024429695278888,2012
10.1371/journal.pone.0037473,-7.833620251094308,2012
10.1371/journal.pone.0032373,-6.957162683438954,2012
10.1371/journal.pone.0040036,-7.949422389700224,2012
10.1371/journal.pone.0040045,-8.064670940226138,2012
10.1371/journal.pone.0040046,-7.410220129958249,2012
10.1371/journal.pone.0037489,-7.127407851174564,2012
10.1371/journal.pone.0050334,157.48828368268866,2012
10.1371/journal.pone.0029855,-7.281732276996834,2012
10.1371/journal.pone.0040064,-10.06084774146768,2012
10.1371/journal.pone.0042622,-10.563479876946523,2012
10.1371/journal.pone.0037512,-13.165385559816997,2012
10.1371/journal.pone.0034953,-7.090271459655247,2012
10.1371/journal.pone.0037517,-9.129630111184428,2012
10.1371/journal.pone.0047739,-6.97369366769149,2012
10.1371/journal.pone.0032419,-7.7323264586655025,2012
10.1371/journal.pone.0032427,-7.127407851174564,2012
10.1371/journal.pone.0029879,-9.143695095079195,2012
10.1371/journal.pone.0034975,-10.471685089091824,2012
10.1371/journal.pone.0040092,-10.524773317740024,2012
10.1371/journal.pone.0032436,-7.410220129958248,2012
10.1371/journal.pone.0034978,-8.704985966325339,2012
10.1371/journal.pone.0037537,-11.427545200490426,2012
10.1371/journal.pone.0029890,-7.614598786310811,2012
10.1371/journal.pone.0040100,-7.657219137918699,2012
10.1371/journal.pone.0037544,-9.741496434828989,2012
10.1371/journal.pone.0034996,-10.524773317740024,2012
10.1371/journal.pone.0032454,-9.143695095079195,2012
10.1371/journal.pone.0032456,-7.664674264703973,2012
10.1371/journal.pone.0037569,-7.122536028727372,2012
10.1371/journal.pone.0029925,-8.371544370964957,2012
10.1371/journal.pone.0029931,-9.818826426347274,2012
10.1371/journal.pone.0029935,-8.723919961797986,2012
10.1371/journal.pone.0040153,-6.801025849936805,2012
10.1371/journal.pone.0047816,236.83800578679543,2012
10.1371/journal.pone.0035039,-9.706854635010512,2012
10.1371/journal.pone.0037601,-6.839881016883721,2012
10.1371/journal.pone.0037604,-7.630085817461607,2012
10.1371/journal.pone.0035055,-13.588080574510878,2012
10.1371/journal.pone.0029970,-19.296081524884364,2012
10.1371/journal.pone.0032537,-7.673196827429991,2012
10.1371/journal.pone.0040194,-8.558349988522048,2012
10.1371/journal.pone.0035081,-14.47265753233649,2012
10.1371/journal.pone.0045314,-10.160847958784457,2012
10.1371/journal.pone.0030006,-7.16958253642514,2012
10.1371/journal.pone.0037658,-14.311723651021406,2012
10.1371/journal.pone.0040214,-7.503839715027738,2012
10.1371/journal.pone.0035106,-7.410220129958249,2012
10.1371/journal.pone.0035111,-8.555693991368575,2012
10.1371/journal.pone.0030024,-7.985431941208392,2012
10.1371/journal.pone.0045338,5.3372160379724205,2012
10.1371/journal.pone.0035115,-7.764956657782388,2012
10.1371/journal.pone.0035118,-9.842476801377892,2012
10.1371/journal.pone.0035130,-14.981212811897104,2012
10.1371/journal.pone.0030045,-9.201506951211831,2012
10.1371/journal.pone.0035140,-6.790200635188788,2012
10.1371/journal.pone.0040258,-7.857465306167974,2012
10.1371/journal.pone.0035148,-7.241400719394266,2012
10.1371/journal.pone.0050556,3.387286925839273,2012
10.1371/journal.pone.0030063,-7.133668519610209,2012
10.1371/journal.pone.0035153,-8.024114833327966,2012
10.1371/journal.pone.0035158,-11.541245224818937,2012
10.1371/journal.pone.0030072,-7.4206955173426685,2012
10.1371/journal.pone.0037722,-9.488267987771025,2012
10.1371/journal.pone.0030077,-7.410220129958249,2012
10.1371/journal.pone.0035168,-7.686951237705038,2012
10.1371/journal.pone.0035175,-7.54164722516754,2012
10.1371/journal.pone.0035180,-8.279204717827877,2012
10.1371/journal.pone.0032647,-8.984450939530044,2012
10.1371/journal.pone.0032658,-12.181202623952156,2012
10.1371/journal.pone.0040312,-6.727761746067265,2012
10.1371/journal.pone.0037757,-6.871103453914346,2012
10.1371/journal.pone.0047984,-8.528116438671791,2012
10.1371/journal.pone.0030117,-9.488267987771025,2012
10.1371/journal.pone.0045430,-7.871733897096512,2012
10.1371/journal.pone.0030134,-8.059756009140726,2012
10.1371/journal.pone.0048004,-8.120873082954189,2012
10.1371/journal.pone.0048010,50.54759771453806,2012
10.1371/journal.pone.0035231,-6.748902777996295,2012
10.1371/journal.pone.0032698,-8.45358258800324,2012
10.1371/journal.pone.0037801,-9.488267987771025,2012
10.1371/journal.pone.0032710,-7.914183378480656,2012
10.1371/journal.pone.0032713,-8.10030944353997,2012
10.1371/journal.pone.0032715,-7.43441687903245,2012
10.1371/journal.pone.0035254,-7.657219137918699,2012
10.1371/journal.pone.0037815,-6.994811404403434,2012
10.1371/journal.pone.0037818,-8.732211098882102,2012
10.1371/journal.pone.0035267,-10.476034618256678,2012
10.1371/journal.pone.0037832,-6.720212946836774,2012
10.1371/journal.pone.0050688,8.089813714466773,2012
10.1371/journal.pone.0035276,-7.669024648874443,2012
10.1371/journal.pone.0037838,-8.10030944353997,2012
10.1371/journal.pone.0035281,-8.884372549071772,2012
10.1371/journal.pone.0037841,-9.739579421376812,2012
10.1371/journal.pone.0032748,-8.10030944353997,2012
10.1371/journal.pone.0032754,-11.797646400554212,2012
10.1371/journal.pone.0050710,-7.287334340694872,2012
10.1371/journal.pone.0030209,-8.223500274625104,2012
10.1371/journal.pone.0032772,-7.090271459655247,2012
10.1371/journal.pone.0032776,-7.8175178858746035,2012
10.1371/journal.pone.0040433,-7.03102651800378,2012
10.1371/journal.pone.0037885,-7.141369119525541,2012
10.1371/journal.pone.0040443,-7.207680912514259,2012
10.1371/journal.pone.0040444,-6.838663868788031,2012
10.1371/journal.pone.0035335,-7.421939378891578,2012
10.1371/journal.pone.0030247,-8.78202981277591,2012
10.1371/journal.pone.0037896,-7.664674264703973,2012
10.1371/journal.pone.0032805,-7.087430891480544,2012
10.1371/journal.pone.0032813,-8.139416721041012,2012
10.1371/journal.pone.0030264,-9.390138173964214,2012
10.1371/journal.pone.0035356,-7.949422389700224,2012
10.1371/journal.pone.0035361,-13.958830807082023,2012
10.1371/journal.pone.0032826,-11.049458999149834,2012
10.1371/journal.pone.0035368,-8.133003894661332,2012
10.1371/journal.pone.0032828,-10.444660884874718,2012
10.1371/journal.pone.0035372,-8.174514828990244,2012
10.1371/journal.pone.0032832,-7.241400719394266,2012
10.1371/journal.pone.0035375,-7.031993346753131,2012
10.1371/journal.pone.0030287,-8.642876666366385,2012
10.1371/journal.pone.0037933,-7.004402874309138,2012
10.1371/journal.pone.0030289,-9.741496434828989,2012
10.1371/journal.pone.0032839,-8.400791434070287,2012
10.1371/journal.pone.0040497,-8.288857405237463,2012
10.1371/journal.pone.0030297,-8.435458151722361,2012
10.1371/journal.pone.0040502,-8.94712923479254,2012
10.1371/journal.pone.0035393,-7.093982650654209,2012
10.1371/journal.pone.0035398,-7.097157590734931,2012
10.1371/journal.pone.0032867,-7.617235659395885,2012
10.1371/journal.pone.0032886,-6.950575679978243,2012
10.1371/journal.pone.0035426,-8.039042087716403,2012
10.1371/journal.pone.0037985,-7.004402874309138,2012
10.1371/journal.pone.0030349,-7.67087318868893,2012
10.1371/journal.pone.0038008,-7.503839715027738,2012
10.1371/journal.pone.0032922,-8.108185993715693,2012
10.1371/journal.pone.0038024,-6.968028050403182,2012
10.1371/journal.pone.0068047,23.170673499279065,2013
10.1371/journal.pone.0078317,-7.0178681777976415,2013
10.1371/journal.pone.0054662,-7.489355208905716,2013
10.1371/journal.pone.0082045,-6.981517850024876,2013
10.1371/journal.pone.0071790,13.408611896693849,2013
10.1371/journal.pone.0071883,-7.413835233934924,2013
10.1371/journal.pone.0068553,-7.066689875289757,2013
10.1371/journal.pone.0061787,-8.368465391872967,2013
10.1371/journal.pone.0068570,-7.980556447328198,2013
10.1371/journal.pone.0068621,-7.220872730109931,2013
10.1371/journal.pone.0062141,30.818158450181297,2013
10.1371/journal.pmed.1001462,-7.923995348899796,2013
10.1371/journal.pmed.1001557,-8.529654702904928,2013
10.1371/journal.pone.0058864,30.297491194113576,2013
10.1371/journal.pone.0082756,-7.603962344771193,2013
10.1371/journal.pntd.0002105,-6.795373286491439,2013
10.1371/journal.pntd.0002302,-8.529805141829197,2013
10.1371/journal.pone.0083125,-8.76402019085821,2013
10.1371/journal.pntd.0002398,-7.640955226319107,2013
10.1371/journal.pntd.0002406,-7.380116139667503,2013
10.1371/journal.pntd.0002425,-6.727132769980701,2013
10.1371/journal.pone.0066127,8.374658237107203,2013
10.1371/journal.pone.0059368,70.34504092019651,2013
10.1371/journal.pntd.0002538,-10.082573652460288,2013
10.1371/journal.pone.0079913,-7.175096485259919,2013
10.1371/journal.pone.0076511,-7.91216373071568,2013
10.1371/journal.pone.0069768,142.6584281039642,2013
10.1371/journal.pone.0051462,93.01557407618743,2013
10.1371/journal.pone.0052206,194.04161534643663,2013
10.1371/journal.pone.0080084,-7.523013908051839,2013
10.1371/journal.pone.0080103,-7.84711268663284,2013
10.1371/journal.pone.0056393,2.9637680332946865,2013
10.1371/journal.pone.0066588,-9.459293068684888,2013
10.1371/journal.pone.0073416,-6.909951072958906,2013
10.1371/journal.pone.0073454,2.821772827650207,2013
10.1371/journal.pone.0076874,-7.092877482504411,2013
10.1371/journal.pone.0063376,-9.663846973829942,2013
10.1371/journal.pone.0066851,64.78687776358242,2013
10.1371/journal.pone.0053450,5.743723833458752,2013
10.1371/journal.pone.0080695,-9.5076114524148,2013
10.1371/journal.pone.0077259,70.90719149796732,2013
10.1371/journal.pone.0080714,-9.242222952408326,2013
10.1371/journal.pone.0067102,-7.247161057448276,2013
10.1371/journal.pone.0080785,-8.458341105515252,2013
10.1371/journal.pone.0063946,4.588776020240258,2013
10.1371/journal.pone.0067353,107.59203622412416,2013
10.1371/journal.pone.0053872,15.595931791474706,2013
10.1371/journal.pone.0070896,10.099918612723163,2013
10.1371/journal.pone.0077713,7.2411856097287455,2013
10.1371/journal.pone.0064372,-6.849728545892837,2013
10.1371/journal.pone.0077935,56.75984196767117,2013
10.1371/journal.pone.0077962,68.49508020105004,2013
10.1371/journal.pone.0067803,-9.760954782484625,2013
10.1371/journal.pone.0081547,-8.517746662979636,2013
10.1371/journal.pone.0081637,-6.845658708209817,2013
10.1371/journal.pone.0078178,-7.1241764045479234,2013
10.1371/journal.pone.0071396,-7.651097845266155,2013
10.1371/journal.pone.0105998,-7.718060235831831,2014
10.1371/journal.pone.0109587,12.578331861208548,2014
10.1371/journal.pone.0113137,33.29089660075348,2014
10.1371/journal.pone.0090014,3.19315043251583,2014
10.1371/journal.pone.0109948,15.957839648462148,2014
10.1371/journal.pntd.0002544,-8.078680683062617,2014
10.1371/journal.pntd.0002607,-8.32463924346072,2014
10.1371/journal.pntd.0002650,-8.412234288828975,2014
10.1371/journal.pone.0100153,1.7636985691234246,2014
10.1371/journal.pone.0096871,50.29797006859243,2014
10.1371/journal.pone.0103542,-8.078680683062618,2014
10.1371/journal.pntd.0002788,-11.4041595500092,2014
10.1371/journal.pone.0106893,-13.739393704849206,2014
10.1371/journal.pone.0103608,-14.55416977478751,2014
10.1371/journal.pntd.0002855,-11.35467178867674,2014
10.1371/journal.pntd.0002903,-6.871288282583103,2014
10.1371/journal.pntd.0002961,-6.803245269850143,2014
10.1371/journal.pntd.0002988,-8.125363346985715,2014
10.1371/journal.pntd.0003064,-8.125363346985715,2014
10.1371/journal.pone.0107243,7.063781417463374,2014
10.1371/journal.pntd.0003215,-10.493449911430783,2014
10.1371/journal.pntd.0003266,-6.801218121728593,2014
10.1371/journal.pntd.0003272,-7.245440924199808,2014
10.1371/journal.pntd.0003275,-6.972837414419286,2014
10.1371/journal.pone.0104055,-9.408596127893436,2014
10.1371/journal.pone.0110706,-7.487658841336362,2014
10.1371/journal.pone.0087455,-6.835160050329754,2014
10.1371/journal.pone.0110899,3.0883659391467693,2014
10.1371/journal.pone.0114352,-6.85948472664856,2014
10.1371/journal.pone.0101010,-7.992183488027241,2014
10.1371/journal.pone.0091057,19.35623240922317,2014
10.1371/journal.pone.0087803,12.398412612413113,2014
10.1371/journal.pone.0114521,-7.455596257420616,2014
10.1371/journal.pone.0101284,26.42447901860991,2014
10.1371/journal.pone.0101367,-8.6881734735299,2014
10.1371/journal.pone.0091451,-6.748166294723376,2014
10.1371/journal.pone.0091452,-8.5748233444382,2014
10.1371/journal.pone.0104850,27.011901783519225,2014
10.1371/journal.pone.0088253,-7.304454569613725,2014
10.1371/journal.pone.0108232,-7.4925704856498685,2014
10.1371/journal.pone.0084921,-7.712194706946096,2014
10.1371/journal.pone.0105256,-7.632260033260242,2014
10.1371/journal.pone.0105379,6.783055043610316,2014
10.1371/journal.pone.0088803,-6.795260329686285,2014
10.1371/journal.pone.0085691,-10.661016958885456,2014
10.1371/journal.pone.0109048,11.246456808436388,2014
10.1371/journal.pone.0123464,30.28646824695592,2015
10.1371/journal.pone.0117383,4.197802626324469,2015
10.1371/journal.pone.0133316,172.99487099605406,2015
10.1371/journal.pone.0124165,20.969521457401058,2015
10.1371/journal.pone.0130602,56.86781506673088,2015
10.1371/journal.pone.0117951,145.92144770708353,2015
10.1371/journal.pone.0140223,75.47190790624529,2015
10.1371/journal.pone.0118137,23.82945045199809,2015
10.1371/journal.pone.0127685,2.7219989240332167,2015
10.1371/journal.pone.0118265,9.7039768397091,2015
10.1371/journal.pone.0124622,4.789573536275563,2015
10.1371/journal.pone.0118527,4.338721275786739,2015
10.1371/journal.pone.0144021,2.23606797749979,2015
10.1371/journal.pone.0131407,2.870270663491896,2015
10.1371/journal.pntd.0004223,284.2460942656261,2015
10.1371/journal.pone.0116538,2.852088701757731,2015
10.1371/journal.pone.0126355,5.897522742308539,2015
10.1371/journal.pone.0126359,-8.616231034510015,2015
10.1371/journal.pone.0126509,2.431667300121587,2015
10.1371/journal.pone.0126565,43.43688120710961,2015
10.1371/journal.pone.0146077,161.84782408015263,2016
10.1371/journal.pone.0158910,1.854394979287712,2016
10.1371/journal.pone.0154129,34.00190114886373,2016
10.1371/journal.pone.0154698,4.814409081297199,2016
10.1371/journal.pgen.1006436,-7.822876139267919,2016
10.1371/journal.pone.0157237,83.78324705934102,2016
10.1371/journal.pntd.0004320,-6.865346334185924,2016
10.1371/journal.pone.0162367,-6.978403143962416,2016
10.1371/journal.pone.0152518,7.49343659850557,2016
10.1371/journal.pone.0157710,134.6624304887362,2016
10.1371/journal.pntd.0004752,-8.112259596460696,2016
10.1371/journal.pntd.0004811,-10.525163155498678,2016
10.1371/journal.pone.0168196,66.48307643564121,2016
10.1371/journal.pntd.0005089,-8.658356731646167,2016
10.1371/journal.pone.0168230,36.08895770932458,2016
10.1371/journal.pone.0165637,10.460399157872551,2016
10.1371/journal.pone.0150727,14.437855721633904,2016
10.1371/journal.pone.0160742,1.8155135881190063,2016
10.1371/journal.pone.0148307,20.23825878854968,2016
10.1371/journal.pone.0173615,15.626584323229292,2017
10.1371/journal.pone.0187898,5.828108960655811,2017
10.1371/journal.pone.0176064,113.89706491885238,2017
10.1371/journal.pone.0183170,5.712610330907098,2017
10.1371/journal.pone.0171536,66.29625941571423,2017
10.1371/journal.pone.0181063,24.3272110653463,2017
10.1371/journal.pone.0183431,27.774902983724115,2017
10.1371/journal.pone.0171872,3.298120959209527,2017
10.1371/journal.pone.0169575,6.721740900193822,2017
10.1371/journal.pone.0186234,89.578734894449,2017
10.1371/journal.pgen.1006775,-8.749588528193826,2017
10.1371/journal.pone.0186542,10.895678664707669,2017
10.1371/journal.pone.0174897,2.757869938697499,2017
10.1371/journal.pone.0174899,10.104344046824146,2017
10.1371/journal.pone.0179645,8.854903164438687,2017
10.1371/journal.pone.0175107,112.48139984583078,2017
10.1371/journal.pone.0182221,33.36889291245772,2017
10.1371/journal.pone.0179856,41.32432042593424,2017
10.1371/journal.pone.0184709,9.955862183954215,2017
10.1371/journal.pone.0187151,35.304784014318486,2017
10.1371/journal.pone.0189837,35.457719714854335,2017
10.1371/journal.pone.0175316,22.98858579917855,2017
10.1371/journal.pntd.0005709,-7.262164399653136,2017
10.1371/journal.pone.0180205,7.667864442727194,2017
10.1371/journal.pone.0191701,-7.783842507925176,2018
10.1371/journal.pntd.0006671,-7.932372472748535,2018
10.1371/journal.pone.0198243,-10.16507809988017,2018
10.1371/journal.pntd.0006760,-12.187214149448192,2018
10.1371/journal.pntd.0006769,-8.21816604832383,2018
10.1371/journal.pntd.0006928,-8.21816604832383,2018
10.1371/journal.pone.0194089,-9.297846799021318,2018
10.1371/journal.pone.0200874,21.93346485817906,2018
10.1371/journal.pone.0207844,-7.377338980186295,2018
10.1371/journal.pone.0189752,-10.037983073716587,2018
10.1371/journal.pone.0189792,-7.580510128131084,2018
10.1371/journal.pone.0203316,4.534865056783492,2018
10.1371/journal.pone.0203398,-8.652814697256122,2018
10.1371/journal.pone.0203441,-7.86145072895561,2018
10.1371/journal.pone.0190144,322.80632304892333,2018
10.1371/journal.pone.0190197,57.65523059613984,2018
10.1371/journal.pone.0201301,19.695438578804325,2018
10.1371/journal.pone.0203590,13.735312295290404,2018
10.1371/journal.pone.0190481,-12.793665068103913,2018
10.1371/journal.pgen.1007125,-7.265920827055001,2018
10.1371/journal.pgen.1007154,-7.528901648817756,2018
10.1371/journal.pgen.1007165,-7.741236463333578,2018
10.1371/journal.pgen.1007180,-10.096174371504594,2018
10.1371/journal.pgen.1007183,-7.9038671653414,2018
10.1371/journal.pgen.1007186,-7.9038671653414,2018
10.1371/journal.pone.0190617,1.8935362428455944,2018
10.1371/journal.pone.0208538,-7.873846044271405,2018
10.1371/journal.pone.0203865,28.20735385543941,2018
10.1371/journal.pgen.1007298,-10.255517791760544,2018
10.1371/journal.pgen.1007306,-8.21816604832383,2018
10.1371/journal.pone.0190730,-6.734664609384192,2018
10.1371/journal.pone.0199426,-9.902277610888238,2018
10.1371/journal.pone.0195054,-7.591365432998423,2018
10.1371/journal.pone.0208752,-7.712155584831765,2018
10.1371/journal.pgen.1007366,-7.9038671653414,2018
10.1371/journal.pgen.1007396,-13.39535338744064,2018
10.1371/journal.pone.0206343,11.99572604072676,2018
10.1371/journal.pone.0195139,-10.358777513468093,2018
10.1371/journal.pgen.1007479,-7.9038671653414,2018
10.1371/journal.pone.0193031,87.34344103117262,2018
10.1371/journal.pgen.1007500,-9.501340288673669,2018
10.1371/journal.pone.0199594,-11.250371631866784,2018
10.1371/journal.pgen.1007518,-8.901547542846167,2018
10.1371/journal.pgen.1007520,-7.9038671653414,2018
10.1371/journal.pgen.1007533,-8.21816604832383,2018
10.1371/journal.pone.0206464,24.4667247258958,2018
10.1371/journal.pgen.1007571,-8.835369890256967,2018
10.1371/journal.pone.0195266,21.948204646650893,2018
10.1371/journal.pgen.1007589,-6.78649682240422,2018
10.1371/journal.pgen.1007593,-8.21816604832383,2018
10.1371/journal.pgen.1007607,-7.96297671170044,2018
10.1371/journal.pone.0195287,-7.319702800393451,2018
10.1371/journal.pgen.1007707,-7.9038671653414,2018
10.1371/journal.pgen.1007770,-11.352723067774017,2018
10.1371/journal.pntd.0006160,-7.265920827055001,2018
10.1371/journal.pntd.0006265,-7.723606594649034,2018
10.1371/journal.pone.0195681,-9.585001861533298,2018
10.1371/journal.pntd.0006348,-7.973372838708127,2018
10.1371/journal.pntd.0006381,-9.2657639534307,2018
10.1371/journal.pone.0195742,18.09974483303604,2018
10.1371/journal.pone.0207042,53.50378540700598,2018
10.1371/journal.pone.0197957,-8.83990308342703,2018
10.1371/journal.pntd.0006428,-8.37839394474677,2018
10.1371/journal.pone.0202455,-7.175692812185291,2018
10.1371/journal.pntd.0006545,-6.720930232558139,2018
10.1371/journal.pone.0204865,-6.784967282075661,2018
10.1371/journal.pone.0207242,3.53889247683671,2018
10.1371/journal.ppat.1007461,-8.21816604832383,2018
10.1371/journal.pone.0223877.r004,-8.590964025413465,2019
10.1371/journal.pgen.1008452.r003,-6.785040414635163,2019
10.1371/journal.pone.0218630,-7.122588885515781,2019
10.1371/journal.pntd.0007087,-8.66372295718175,2019
10.1371/journal.pone.0224100,-8.782826344862817,2019
10.1371/journal.pone.0218822,32.284883833479775,2019
10.1371/journal.pone.0218923,51.18156129187749,2019
10.1371/journal.pone.0215477,56.05112371960083,2019
10.1371/journal.pone.0226221,138.38570544821366,2019
10.1371/journal.pone.0215547,-8.37147543949786,2019
10.1371/journal.pntd.0007462,-6.736807250898311,2019
10.1371/journal.pntd.0007548,-7.351165881409079,2019
10.1371/journal.pone.0217458,5.109066810529954,2019
10.1371/journal.pone.0214001,-7.4964832771849,2019
10.1371/journal.pone.0212290,-7.982929523926362,2019
10.1371/journal.pntd.0007589,-6.785040414635164,2019
10.1371/journal.pone.0212296,-7.165544103143995,2019
10.1371/journal.pone.0224654,70.20957637946988,2019
10.1371/journal.pone.0215901,55.49543896572779,2019
10.1371/journal.pntd.0007764,-6.773105613674767,2019
10.1371/journal.pone.0224831,-8.042995425956404,2019
10.1371/journal.pone.0214282,17.03773927704989,2019
10.1371/journal.pone.0224891,-7.989110202288432,2019
10.1371/journal.pone.0227035,-9.996943414257052,2019
10.1371/journal.pone.0212628,-10.632228029689932,2019
10.1371/journal.pone.0216121,5.515674701404638,2019
10.1371/journal.pone.0223150.r006,-8.523554771012533,2019
10.1371/journal.pone.0214415,-6.968112832456172,2019
10.1371/journal.pone.0225011.r004,57.78640713737379,2019
10.1371/journal.pone.0214447,79.04451058588104,2019
10.1371/journal.pone.0225047,19.197523521908625,2019
10.1371/journal.pone.0225101,-7.1828340152380825,2019
10.1371/journal.pgen.1007603,-7.155185105734487,2019
10.1371/journal.ppat.1007734,-8.818866779222093,2019
10.1371/journal.ppat.1007761,-8.28328283056288,2019
10.1371/journal.pone.0216419,116.63725563076054,2019
10.1371/journal.ppat.1007800,-9.572087503850684,2019
10.1371/journal.pgen.1007973,-12.792516887278648,2019
10.1371/journal.pone.0223479,-7.251743670286615,2019
10.1371/journal.pone.0208616,36.20598444181944,2019
10.1371/journal.pgen.1008018,-7.062557096891903,2019
10.1371/journal.pone.0214776,33.61260964846173,2019
10.1371/journal.ppat.1007926.r005,-8.782826344862817,2019
10.1371/journal.pone.0214817,-6.973869690903515,2019
10.1371/journal.pone.0225416.r004,137.39291399498543,2019
10.1371/journal.pone.0216590,19.165977256952388,2019
10.1371/journal.pone.0223615,-10.35222048704822,2019
10.1371/journal.ppat.1008021,-8.448191807226474,2019
10.1371/journal.ppat.1008026,-7.86710968544272,2019
10.1371/journal.ppat.1008098,-8.042995425956404,2019
10.1371/journal.ppat.1008117.r003,-6.785040414635164,2019
10.1371/journal.pone.0223783,-7.608419648935865,2019
10.1371/journal.pone.0238521,1.9694762840924456,2020
10.1371/journal.pone.0242021,-10.252727126622224,2020
10.1371/journal.pgen.1009199,-7.392676257865213,2020
10.1371/journal.pone.0243913,-7.478165470993668,2020
10.1371/journal.pone.0226938,21.64400792006104,2020
10.1371/journal.pntd.0007790,-7.115982111175666,2020
10.1371/journal.pone.0238806.r006,-8.146661347359242,2020
10.1371/journal.pone.0237207,-7.54238413770417,2020
10.1371/journal.pone.0237317,12.999999999999998,2020
10.1371/journal.pone.0227332,74.7631207331676,2020
10.1371/journal.pone.0227397,24.78495748729577,2020
10.1371/journal.pone.0235829,48.17329827473584,2020
10.1371/journal.pone.0242708,4.058186746325234,2020
10.1371/journal.pone.0227644,4.085316492332487,2020
10.1371/journal.pone.0234460.r004,-7.1393064768012975,2020
10.1371/journal.ppat.1008316.r004,-7.115982111175666,2020
10.1371/journal.ppat.1008408.r005,-7.3926762578652125,2020
10.1371/journal.pone.0227938,4.573599266470275,2020
10.1371/journal.pntd.0008843.r006,27.160253340134847,2020
10.1371/journal.pone.0227966.r006,30.26658802974526,2020
10.1371/journal.pone.0216187,24.116130948343496,2020
10.1371/journal.pone.0228266,41.49484981487078,2020
10.1371/journal.pgen.1008777,-7.315932988320216,2020
10.1371/journal.ppat.1008949,-6.909428454492397,2020
10.1371/journal.pone.0238415,108.28782363337416,2020
10.1371/journal.pgen.1008890,-7.1393064768012975,2020
10.1371/journal.pgen.1008975.r004,-8.975384460603788,2020
10.1371/journal.pbio.3001197.r008,24.03853461375664,2021
10.1371/journal.pone.0256932,-7.849521348190295,2021
10.1371/journal.pone.0244519.r004,-7.587741744533075,2021
10.1371/journal.pone.0257028,-7.9354876165381,2021
10.1371/journal.pone.0246673,-6.838381742374999,2021
10.1371/journal.pone.0258994,-8.124534261860651,2021
10.1371/journal.pone.0246758,-6.870823846693272,2021
10.1371/journal.pone.0257191,-8.263386124668235,2021
10.1371/journal.pone.0246854,-7.117597655941947,2021
10.1371/journal.pntd.0009153,19.099393678887605,2021
10.1371/journal.pone.0249600.r004,-7.617523199624094,2021
10.1371/journal.pone.0249730,-8.987780868038397,2021
10.1371/journal.pone.0249768,-9.761907123296137,2021
10.1371/journal.pone.0249874,-18.587606265835465,2021
10.1371/journal.pntd.0009686,-16.55969919823501,2021
10.1371/journal.pone.0257855.r004,-7.920541407547617,2021
10.1371/journal.pone.0257910,-15.495105763537682,2021
10.1371/journal.pone.0251935,-7.08449101217243,2021
10.1371/journal.pone.0251984,-7.859379201043323,2021
10.1371/journal.pone.0252244,178.81275122317203,2021
10.1371/journal.pone.0250427,-7.117597655941947,2021
10.1371/journal.ppat.1009840.r005,-7.580976145443048,2021
10.1371/journal.pone.0254719,-6.791165176686175,2021
10.1371/journal.pone.0248079,24.78495748729577,2021
10.1371/journal.pone.0246210.r005,-8.182792173443339,2021
10.1371/journal.pone.0256680.r004,-7.593457690449819,2021
